Date,UNRATE,U6RATE,CIVPART,LNS14000036,CGBD2024,U6_U3_SPREAD,YOUTH_PREMIUM,DEGREE_PREMIUM,UNRATE_MOM,CIVPART_MOM,UNRATE_3MA,U6RATE_3MA,LNS14000036_3MA,CGBD2024_3MA,CIVPART_3MA,UNRATE_YOY,year_month,post_count,avg_score,median_score,total_score,avg_sentiment,median_sentiment,pct_negative,pct_positive,unique_subreddits,avg_text_length,distress_index,distress_index_norm
2020-01-01,3.6,7.0,63.3,7.0,5.1,3.4,3.4,1.4999999999999996,,,3.6,7.0,7.0,5.1,63.3,,2020-01,1.0,467.0,467.0,467.0,0.9947,0.9947,0.0,1.0,1.0,6331.0,0.0,0.0
2020-02-01,3.5,7.0,63.3,6.4,4.7,3.5,2.9000000000000004,1.2000000000000002,-0.10000000000000009,0.0,3.55,7.0,6.7,4.9,63.3,,2020-02,5.0,498.2,177.0,2491.0,0.30366,0.5859,0.4,0.6,2.0,1150.6,2.0,4.0
2020-03-01,4.4,8.8,62.6,8.5,4.2,4.4,4.1,-0.20000000000000018,0.9000000000000004,-0.6999999999999957,3.8333333333333335,7.6000000000000005,7.3,4.666666666666667,63.06666666666666,,2020-03,3.0,16.333333333333332,20.0,49.0,0.9374333333333333,0.9714,0.0,1.0,2.0,1079.3333333333333,0.0,0.0
2020-04-01,14.8,22.9,60.1,25.5,17.2,8.099999999999998,10.7,2.3999999999999986,10.4,-2.5,7.566666666666667,12.9,13.466666666666667,8.700000000000001,62.0,,2020-04,5.0,273.0,166.0,1365.0,0.38666,0.6369,0.2,0.8,3.0,872.25,1.0,2.0
2020-05-01,13.2,21.1,60.8,23.0,15.6,7.900000000000002,9.8,2.4000000000000004,-1.6000000000000014,0.6999999999999957,10.799999999999999,17.599999999999998,19.0,12.333333333333334,61.166666666666664,,2020-05,4.0,5.5,2.0,22.0,0.74795,0.93315,0.0,1.0,2.0,1066.75,0.0,0.0
2020-06-01,11.0,18.0,61.5,19.6,20.4,7.0,8.600000000000001,9.399999999999999,-2.1999999999999993,0.7000000000000028,13.0,20.666666666666668,22.7,17.73333333333333,60.800000000000004,,2020-06,4.0,960.25,423.0,3841.0,0.25980000000000003,0.29785,0.25,0.5,3.0,304.0,1.0,2.0
2020-07-01,10.2,16.5,61.5,18.0,17.6,6.300000000000001,7.800000000000001,7.400000000000002,-0.8000000000000007,0.0,11.466666666666667,18.53333333333333,20.2,17.866666666666667,61.26666666666667,,2020-07,4.0,804.25,817.0,3217.0,-0.5096499999999999,-0.613,0.75,0.0,2.0,836.6666666666666,3.0,6.0
2020-08-01,8.4,14.2,61.7,13.9,13.0,5.799999999999999,5.5,4.6,-1.799999999999999,0.20000000000000284,9.866666666666667,16.233333333333334,17.166666666666668,17.0,61.56666666666666,,2020-08,3.0,422.6666666666667,517.0,1268.0,-0.017233333333333323,-0.088,0.6666666666666666,0.3333333333333333,2.0,586.6666666666666,2.0,4.0
2020-09-01,7.8,12.8,61.4,12.5,9.9,5.000000000000001,4.7,2.1000000000000005,-0.6000000000000005,-0.30000000000000426,8.8,14.5,14.799999999999999,13.5,61.53333333333333,,2020-09,2.0,0.5,0.5,1.0,0.6265499999999999,0.6265499999999999,0.0,1.0,1.0,1400.5,0.0,0.0
2020-10-01,6.9,12.1,61.7,11.0,7.9,5.199999999999999,4.1,1.0,-0.8999999999999995,0.30000000000000426,7.7,13.033333333333333,12.466666666666667,10.266666666666667,61.6,,2020-10,3.0,871.0,806.0,2613.0,-0.4319,-0.4515,0.6666666666666666,0.0,2.0,350.0,2.0,4.0
2020-11-01,6.7,11.9,61.5,10.7,6.6,5.2,3.999999999999999,-0.10000000000000053,-0.20000000000000018,-0.20000000000000284,7.133333333333333,12.266666666666666,11.4,8.133333333333333,61.53333333333333,,2020-11,5.0,1415.0,398.0,7075.0,0.40641999999999995,0.533,0.2,0.8,3.0,588.4,1.0,2.0
2020-12-01,6.7,11.7,61.5,11.3,8.5,4.999999999999999,4.6000000000000005,1.7999999999999998,0.0,0.0,6.766666666666667,11.9,11.0,7.666666666666667,61.56666666666666,,2020-12,7.0,468.42857142857144,169.0,3279.0,0.47424285714285713,0.5502,0.14285714285714285,0.8571428571428571,3.0,1563.142857142857,1.0,2.0
2021-01-01,6.4,11.2,61.4,9.9,8.6,4.799999999999999,3.5,2.1999999999999993,-0.2999999999999998,-0.10000000000000142,6.6000000000000005,11.6,10.633333333333335,7.8999999999999995,61.46666666666667,2.8000000000000003,2021-01,3.0,436.6666666666667,537.0,1310.0,-0.3106333333333333,-0.8847,0.6666666666666666,0.3333333333333333,1.0,1589.0,2.0,4.0
2021-02-01,6.2,11.1,61.4,9.6,8.6,4.8999999999999995,3.3999999999999995,2.3999999999999995,-0.20000000000000018,0.0,6.433333333333334,11.333333333333334,10.266666666666667,8.566666666666668,61.43333333333334,2.7,2021-02,6.0,515.5,324.0,3093.0,0.6938833333333333,0.8896999999999999,0.16666666666666666,0.8333333333333334,2.0,2286.8,1.0,2.0
2021-03-01,6.1,10.8,61.5,10.3,7.2,4.700000000000001,4.200000000000001,1.1000000000000005,-0.10000000000000053,0.10000000000000142,6.233333333333334,11.033333333333333,9.933333333333332,8.133333333333335,61.43333333333334,1.6999999999999993,2021-03,5.0,910.8,562.0,4554.0,0.6495599999999999,0.9477,0.0,0.8,2.0,4210.333333333333,0.0,0.0
2021-04-01,6.1,10.3,61.6,10.7,7.9,4.200000000000001,4.6,1.8000000000000007,0.0,0.10000000000000142,6.133333333333333,10.733333333333334,10.200000000000001,7.8999999999999995,61.5,-8.700000000000001,2021-04,2.0,2.0,2.0,4.0,0.983,0.983,0.0,1.0,1.0,1478.5,0.0,0.0
2021-05-01,5.8,10.1,61.6,10.2,8.1,4.3,4.3999999999999995,2.3,-0.2999999999999998,0.0,6.0,10.4,10.399999999999999,7.733333333333334,61.56666666666666,-7.3999999999999995,2021-05,2.0,336.0,336.0,672.0,-0.26635,-0.26635,1.0,0.0,1.0,666.0,2.0,4.0
2021-06-01,5.9,9.8,61.7,9.1,10.2,3.9000000000000004,3.1999999999999993,4.299999999999999,0.10000000000000053,0.10000000000000142,5.933333333333334,10.066666666666666,10.0,8.733333333333334,61.63333333333333,-5.1,2021-06,4.0,219.25,46.5,877.0,0.556175,0.61275,0.0,0.75,3.0,3412.0,0.0,0.0
2021-07-01,5.4,9.2,61.8,9.1,9.4,3.799999999999999,3.6999999999999993,4.0,-0.5,0.09999999999999432,5.7,9.7,9.466666666666667,9.233333333333333,61.699999999999996,-4.799999999999999,2021-07,1.0,356.0,356.0,356.0,-0.9696,-0.9696,1.0,0.0,1.0,553.0,1.0,2.0
2021-08-01,5.1,8.8,61.7,8.9,7.3,3.700000000000001,3.8000000000000007,2.2,-0.3000000000000007,-0.09999999999999432,5.466666666666666,9.266666666666667,9.033333333333333,8.966666666666667,61.73333333333334,-3.3000000000000007,2021-08,8.0,462.0,375.0,3696.0,0.08249999999999999,0.20095,0.375,0.5,2.0,1455.3333333333333,3.0,6.0
2021-09-01,4.7,8.4,61.7,7.7,6.9,3.7,3.0,2.2,-0.39999999999999947,0.0,5.066666666666667,8.799999999999999,8.566666666666666,7.866666666666667,61.73333333333333,-3.0999999999999996,2021-09,8.0,1478.75,1208.0,11830.0,0.0422125,0.0,0.25,0.375,3.0,782.5,2.0,4.0
2021-10-01,4.5,8.2,61.8,7.1,6.7,3.6999999999999993,2.5999999999999996,2.2,-0.20000000000000018,0.09999999999999432,4.766666666666667,8.466666666666667,7.900000000000001,6.966666666666668,61.73333333333334,-2.4000000000000004,2021-10,4.0,856.5,233.5,3426.0,-0.01217500000000002,-0.03875000000000001,0.5,0.5,2.0,815.0,2.0,4.0
2021-11-01,4.1,7.7,61.9,7.3,4.9,3.6000000000000005,3.2,0.8000000000000007,-0.40000000000000036,0.10000000000000142,4.433333333333333,8.1,7.366666666666667,6.166666666666667,61.79999999999999,-2.6000000000000005,2021-11,5.0,1243.6,571.0,6218.0,0.41025999999999996,0.9203,0.4,0.6,3.0,1140.4,2.0,4.0
2021-12-01,3.9,7.3,62.0,7.2,2.3,3.4,3.3000000000000003,-1.6,-0.19999999999999973,0.10000000000000142,4.166666666666667,7.733333333333333,7.2,4.633333333333334,61.9,-2.8000000000000003,2021-12,6.0,231.0,243.5,1386.0,0.57615,0.8583000000000001,0.16666666666666666,0.8333333333333334,3.0,2412.8333333333335,1.0,2.0
2022-01-01,4.0,7.1,62.2,7.3,2.8,3.0999999999999996,3.3,-1.2000000000000002,0.10000000000000009,0.20000000000000284,4.0,7.366666666666667,7.266666666666666,3.333333333333334,62.03333333333333,-2.4000000000000004,2022-01,5.0,607.6,322.0,3038.0,-0.58988,-0.7268,0.8,0.2,3.0,1821.8,4.0,8.0
2022-02-01,3.9,7.2,62.3,7.4,4.6,3.3000000000000003,3.5000000000000004,0.6999999999999997,-0.10000000000000009,0.09999999999999432,3.9333333333333336,7.2,7.3,3.233333333333334,62.166666666666664,-2.3000000000000003,,0.0,,,,0.0,,,,,,,0.0
2022-03-01,3.7,7.0,62.4,7.6,4.7,3.3,3.8999999999999995,1.0,-0.19999999999999973,0.10000000000000142,3.8666666666666667,7.1000000000000005,7.433333333333334,4.033333333333334,62.300000000000004,-2.3999999999999995,2022-03,4.0,679.75,436.5,2719.0,-0.004375000000000018,-0.12625,0.5,0.5,2.0,787.5,2.0,4.0
2022-04-01,3.7,7.0,62.2,7.2,5.7,3.3,3.5,2.0,0.0,-0.19999999999999574,3.766666666666667,7.066666666666666,7.3999999999999995,5.0,62.300000000000004,-2.3999999999999995,2022-04,3.0,35.333333333333336,14.0,106.0,0.42696666666666666,0.8495,0.3333333333333333,0.6666666666666666,2.0,1645.6666666666667,1.0,2.0
2022-05-01,3.6,7.1,62.3,6.7,4.8,3.4999999999999996,3.1,1.1999999999999997,-0.10000000000000009,0.09999999999999432,3.6666666666666665,7.033333333333334,7.166666666666667,5.066666666666667,62.300000000000004,-2.1999999999999997,2022-05,11.0,783.0,80.0,8613.0,0.15430909090909092,0.0516,0.2727272727272727,0.5454545454545454,3.0,711.5,3.0,6.0
2022-06-01,3.6,6.7,62.2,6.9,9.1,3.1,3.3000000000000003,5.5,0.0,-0.09999999999999432,3.6333333333333333,6.933333333333334,6.933333333333334,6.533333333333334,62.23333333333333,-2.3000000000000003,2022-06,10.0,198.7,6.5,1987.0,0.3734,0.7944,0.4,0.6,3.0,790.6,4.0,8.0
2022-07-01,3.5,6.8,62.1,6.4,7.6,3.3,2.9000000000000004,4.1,-0.10000000000000009,-0.10000000000000142,3.5666666666666664,6.866666666666667,6.666666666666667,7.166666666666667,62.20000000000001,-1.9000000000000004,2022-07,11.0,287.1818181818182,36.0,3159.0,0.07051818181818181,0.3071,0.2727272727272727,0.6363636363636364,3.0,523.0909090909091,3.0,6.0
2022-08-01,3.6,6.9,62.3,6.8,5.3,3.3000000000000003,3.1999999999999997,1.6999999999999997,0.10000000000000009,0.19999999999999574,3.566666666666667,6.8,6.7,7.333333333333333,62.199999999999996,-1.4999999999999996,2022-08,5.0,300.4,115.0,1502.0,0.06943999999999999,0.0,0.4,0.4,2.0,316.2,2.0,4.0
2022-09-01,3.5,6.7,62.2,6.9,6.3,3.2,3.4000000000000004,2.8,-0.10000000000000009,-0.09999999999999432,3.533333333333333,6.8,6.7,6.400000000000001,62.20000000000001,-1.2000000000000002,2022-09,10.0,326.9,125.5,3269.0,0.061389999999999986,-0.11080000000000001,0.5,0.5,3.0,777.5,5.0,10.0
2022-10-01,3.6,6.7,62.2,6.8,5.7,3.1,3.1999999999999997,2.1,0.10000000000000009,0.0,3.5666666666666664,6.766666666666667,6.833333333333333,5.766666666666667,62.23333333333333,-0.8999999999999999,2022-10,11.0,774.0,97.0,8514.0,0.04687272727272728,0.0,0.45454545454545453,0.45454545454545453,2.0,465.8,5.0,10.0
2022-11-01,3.6,6.7,62.1,6.8,5.2,3.1,3.1999999999999997,1.6,0.0,-0.10000000000000142,3.566666666666667,6.7,6.833333333333333,5.733333333333334,62.166666666666664,-0.49999999999999956,2022-11,21.0,108.19047619047619,76.0,2272.0,0.32171428571428573,0.5939,0.3333333333333333,0.6666666666666666,4.0,1117.3333333333333,7.0,14.000000000000002
2022-12-01,3.5,6.6,62.3,7.4,4.2,3.0999999999999996,3.9000000000000004,0.7000000000000002,-0.10000000000000009,0.19999999999999574,3.566666666666667,6.666666666666667,7.0,5.033333333333334,62.199999999999996,-0.3999999999999999,2022-12,16.0,143.9375,26.5,2303.0,0.1431,0.05035,0.375,0.5,4.0,957.6153846153846,6.0,12.0
2023-01-01,3.5,6.7,62.4,7.1,4.9,3.2,3.5999999999999996,1.4000000000000004,0.0,0.10000000000000142,3.533333333333333,6.666666666666667,7.1000000000000005,4.766666666666668,62.26666666666667,-0.5,2023-01,5.0,364.8,125.0,1824.0,0.7506,0.9203,0.0,0.8,3.0,4262.5,0.0,0.0
2023-02-01,3.6,6.8,62.5,6.8,4.6,3.1999999999999997,3.1999999999999997,0.9999999999999996,0.10000000000000009,0.10000000000000142,3.5333333333333337,6.7,7.099999999999999,4.566666666666667,62.4,-0.2999999999999998,2023-02,12.0,886.0833333333334,615.5,10633.0,0.372075,0.62595,0.16666666666666666,0.6666666666666666,3.0,1087.9,2.0,4.0
2023-03-01,3.5,6.7,62.6,6.6,5.4,3.2,3.0999999999999996,1.9000000000000004,-0.10000000000000009,0.10000000000000142,3.5333333333333337,6.733333333333333,6.833333333333333,4.966666666666668,62.5,-0.20000000000000018,2023-03,11.0,503.27272727272725,18.0,5536.0,-0.07039090909090909,0.0,0.45454545454545453,0.45454545454545453,3.0,656.4,5.0,10.0
2023-04-01,3.4,6.6,62.6,5.5,4.2,3.1999999999999997,2.1,0.8000000000000003,-0.10000000000000009,0.0,3.5,6.7,6.3,4.733333333333333,62.56666666666666,-0.30000000000000027,2023-04,12.0,1000.0,454.5,12000.0,0.183025,0.27449999999999997,0.4166666666666667,0.5833333333333334,3.0,1053.8333333333333,5.0,10.0
2023-05-01,3.6,6.7,62.6,6.2,4.4,3.1,2.6,0.8000000000000003,0.20000000000000018,0.0,3.5,6.666666666666667,6.1000000000000005,4.666666666666667,62.6,0.0,2023-05,15.0,362.3333333333333,193.0,5435.0,0.25144666666666665,0.0516,0.26666666666666666,0.5333333333333333,3.0,1705.4,4.0,8.0
2023-06-01,3.6,6.9,62.6,6.1,7.3,3.3000000000000003,2.4999999999999996,3.6999999999999997,0.0,0.0,3.533333333333333,6.733333333333334,5.933333333333334,5.300000000000001,62.6,0.0,2023-06,10.0,846.7,579.0,8467.0,0.05511000000000001,0.37945,0.4,0.6,3.0,1571.2,4.0,8.0
2023-07-01,3.5,6.7,62.6,6.8,7.8,3.2,3.3,4.3,-0.10000000000000009,0.0,3.5666666666666664,6.766666666666667,6.366666666666667,6.5,62.6,0.0,2023-07,14.0,389.92857142857144,162.5,5459.0,0.003950000000000009,-0.0184,0.5,0.5,3.0,1089.142857142857,7.0,14.000000000000002
2023-08-01,3.7,7.1,62.8,7.0,7.1,3.3999999999999995,3.3,3.3999999999999995,0.20000000000000018,0.19999999999999574,3.6,6.8999999999999995,6.633333333333333,7.400000000000001,62.666666666666664,0.10000000000000009,2023-08,24.0,1492.2083333333333,643.0,35813.0,0.087825,0.084,0.4166666666666667,0.5,3.0,1942.0,10.0,20.0
2023-09-01,3.7,7.0,62.7,7.1,6.7,3.3,3.3999999999999995,3.0,0.0,-0.09999999999999432,3.6333333333333333,6.933333333333334,6.966666666666666,7.2,62.699999999999996,0.20000000000000018,2023-09,22.0,596.3181818181819,345.0,13119.0,0.13476818181818181,0.386,0.4090909090909091,0.5454545454545454,3.0,1129.1,9.0,18.0
2023-10-01,3.9,7.2,62.6,6.9,6.0,3.3000000000000003,3.0000000000000004,2.1,0.19999999999999973,-0.10000000000000142,3.766666666666667,7.1000000000000005,7.0,6.6000000000000005,62.70000000000001,0.2999999999999998,2023-10,21.0,449.6190476190476,230.0,9442.0,-0.00370000000000001,0.0,0.47619047619047616,0.47619047619047616,3.0,1464.111111111111,10.0,20.0
2023-11-01,3.7,7.0,62.8,6.6,5.7,3.3,2.8999999999999995,2.0,-0.19999999999999973,0.19999999999999574,3.766666666666667,7.066666666666666,6.866666666666667,6.133333333333334,62.699999999999996,0.10000000000000009,2023-11,23.0,1685.1739130434783,508.0,38759.0,0.035152173913043476,0.0,0.391304347826087,0.4782608695652174,4.0,1364.6666666666667,9.0,18.0
2023-12-01,3.8,7.2,62.5,6.4,3.8,3.4000000000000004,2.6000000000000005,0.0,0.09999999999999964,-0.29999999999999716,3.8000000000000003,7.133333333333333,6.633333333333333,5.166666666666668,62.63333333333333,0.2999999999999998,2023-12,15.0,290.73333333333335,125.0,4361.0,0.27262666666666663,0.5093,0.26666666666666666,0.7333333333333333,4.0,777.6428571428571,4.0,8.0
2024-01-01,3.7,7.2,62.5,6.0,4.8,3.5,2.3,1.0999999999999996,-0.09999999999999964,0.0,3.733333333333333,7.133333333333333,6.333333333333333,4.7666666666666675,62.6,0.20000000000000018,2024-01,28.0,746.3214285714286,192.0,20897.0,0.3178178571428571,0.5497,0.2857142857142857,0.6785714285714286,4.0,1356.608695652174,8.0,16.0
2024-02-01,3.9,7.3,62.6,7.2,5.3,3.4,3.3000000000000003,1.4,0.19999999999999973,0.10000000000000142,3.8000000000000003,7.233333333333333,6.533333333333334,4.633333333333334,62.53333333333333,0.2999999999999998,2024-02,34.0,801.2941176470588,214.5,27244.0,0.17527941176470588,0.43590000000000007,0.3235294117647059,0.5588235294117647,4.0,1262.4333333333334,11.0,22.0
2024-03-01,3.9,7.3,62.7,7.2,6.2,3.4,3.3000000000000003,2.3000000000000003,0.0,0.10000000000000142,3.8333333333333335,7.266666666666667,6.8,5.433333333333334,62.6,0.3999999999999999,2024-03,29.0,323.0344827586207,152.0,9368.0,0.19115862068965517,0.2023,0.3793103448275862,0.5517241379310345,4.0,1747.1153846153845,11.0,22.0
2024-04-01,3.9,7.4,62.6,6.7,5.0,3.5000000000000004,2.8000000000000003,1.1,0.0,-0.10000000000000142,3.9,7.333333333333333,7.033333333333334,5.5,62.63333333333333,0.5,2024-04,32.0,570.53125,195.5,18257.0,0.21761875,0.5398000000000001,0.34375,0.59375,4.0,1235.2758620689656,11.0,22.0
2024-05-01,3.9,7.4,62.6,7.9,6.2,3.5000000000000004,4.0,2.3000000000000003,0.0,0.0,3.9,7.366666666666667,7.266666666666667,5.800000000000001,62.63333333333333,0.2999999999999998,2024-05,33.0,447.45454545454544,178.0,14766.0,0.07366666666666667,0.227,0.3939393939393939,0.5757575757575758,4.0,1030.5,13.0,26.0
2024-06-01,4.1,7.4,62.6,7.5,8.1,3.3000000000000007,3.4000000000000004,4.0,0.19999999999999973,0.0,3.9666666666666663,7.4,7.366666666666667,6.433333333333334,62.6,0.49999999999999956,2024-06,19.0,328.2105263157895,148.0,6236.0,-0.06569999999999998,-0.3182,0.5789473684210527,0.3684210526315789,4.0,1879.0666666666666,11.0,22.0
2024-07-01,4.2,7.8,62.7,7.7,8.7,3.5999999999999996,3.5,4.499999999999999,0.10000000000000053,0.10000000000000142,4.066666666666666,7.533333333333334,7.7,7.666666666666667,62.63333333333333,0.7000000000000002,2024-07,30.0,280.6,91.5,8418.0,0.32528999999999997,0.6812,0.3,0.6333333333333333,4.0,1709.3703703703704,9.0,18.0
2024-08-01,4.2,7.8,62.7,7.8,9.0,3.5999999999999996,3.5999999999999996,4.8,0.0,0.0,4.166666666666667,7.666666666666667,7.666666666666667,8.6,62.666666666666664,0.5,2024-08,43.0,1605.139534883721,182.0,69021.0,0.36453953488372093,0.7875,0.3023255813953488,0.627906976744186,4.0,1679.475,13.0,26.0
2024-09-01,4.1,7.7,62.7,7.0,6.8,3.6000000000000005,2.9000000000000004,2.7,-0.10000000000000053,0.0,4.166666666666667,7.766666666666667,7.5,8.166666666666666,62.7,0.39999999999999947,2024-09,31.0,805.3225806451613,62.0,24965.0,0.3216129032258065,0.6349,0.2903225806451613,0.6774193548387096,4.0,1419.8214285714287,9.0,18.0
2024-10-01,4.1,7.7,62.5,7.8,7.2,3.6000000000000005,3.7,3.1000000000000005,0.0,-0.20000000000000284,4.133333333333333,7.733333333333333,7.533333333333334,7.666666666666667,62.63333333333333,0.19999999999999973,2024-10,38.0,1561.342105263158,194.5,59331.0,0.16756578947368422,0.3289,0.3157894736842105,0.5526315789473685,4.0,934.5294117647059,12.0,24.0
2024-11-01,4.2,7.7,62.4,7.9,5.5,3.5,3.7,1.2999999999999998,0.10000000000000053,-0.10000000000000142,4.133333333333334,7.7,7.566666666666666,6.5,62.53333333333333,0.5,2024-11,31.0,1028.6451612903227,141.0,31888.0,0.2163258064516129,0.4323,0.3225806451612903,0.6774193548387096,4.0,1016.0357142857143,10.0,20.0
2024-12-01,4.1,7.6,62.5,7.5,4.1,3.5,3.4000000000000004,0.0,-0.10000000000000053,0.10000000000000142,4.133333333333334,7.666666666666667,7.733333333333333,5.599999999999999,62.46666666666667,0.2999999999999998,2024-12,41.0,579.8048780487804,95.0,23772.0,0.3229585365853659,0.7803,0.3170731707317073,0.6097560975609756,4.0,1684.6097560975609,13.0,26.0
2025-01-01,4.0,7.5,62.6,8.0,5.4,3.5,4.0,1.4000000000000004,-0.09999999999999964,0.10000000000000142,4.1000000000000005,7.6000000000000005,7.8,5.0,62.5,0.2999999999999998,2025-01,45.0,530.1777777777778,105.0,23858.0,0.2928955555555555,0.4404,0.26666666666666666,0.6222222222222222,4.0,1392.35,12.0,24.0
2025-02-01,4.2,8.0,62.5,8.3,7.4,3.8,4.1000000000000005,3.2,0.20000000000000018,-0.10000000000000142,4.1000000000000005,7.7,7.933333333333334,5.633333333333333,62.53333333333333,0.30000000000000027,2025-02,59.0,675.0,247.0,39825.0,0.17650169491525425,0.2047,0.3559322033898305,0.5084745762711864,4.0,2040.142857142857,21.0,42.0
2025-03-01,4.2,7.9,62.5,7.6,6.3,3.7,3.3999999999999995,2.0999999999999996,0.0,0.0,4.133333333333334,7.8,7.966666666666666,6.366666666666667,62.53333333333333,0.30000000000000027,2025-03,66.0,1973.7575757575758,219.5,130268.0,0.2104272727272727,0.6689,0.3939393939393939,0.5606060606060606,4.0,1592.1333333333334,26.0,52.0
2025-04-01,4.2,7.8,62.6,8.2,4.4,3.5999999999999996,3.999999999999999,0.20000000000000018,0.0,0.10000000000000142,4.2,7.8999999999999995,8.033333333333333,6.033333333333334,62.53333333333333,0.30000000000000027,2025-04,59.0,818.2372881355932,201.0,48276.0,0.032861016949152534,0.0,0.4406779661016949,0.4745762711864407,4.0,1088.148148148148,26.0,52.0
2025-05-01,4.3,7.8,62.4,8.2,6.1,3.5,3.8999999999999995,1.7999999999999998,0.09999999999999964,-0.20000000000000284,4.233333333333333,7.833333333333333,8.0,5.6000000000000005,62.5,0.3999999999999999,2025-05,63.0,889.5079365079365,192.0,56039.0,0.10624920634920636,0.296,0.4126984126984127,0.5555555555555556,4.0,1203.7931034482758,26.0,52.0
2025-06-01,4.1,7.7,62.3,8.2,7.3,3.6000000000000005,4.1,3.2,-0.20000000000000018,-0.10000000000000142,4.2,7.766666666666667,8.2,5.933333333333333,62.43333333333334,0.0,2025-06,68.0,836.3235294117648,153.5,56870.0,0.24473529411764705,0.5131,0.29411764705882354,0.5882352941176471,4.0,1385.8135593220338,20.0,40.0
2025-07-01,4.3,7.9,62.2,7.9,8.5,3.6000000000000005,3.6000000000000005,4.2,0.20000000000000018,-0.09999999999999432,4.233333333333333,7.8,8.1,7.3,62.300000000000004,0.09999999999999964,2025-07,56.0,1089.8214285714287,272.0,61030.0,0.5065035714285714,0.79115,0.16071428571428573,0.75,4.0,1159.7450980392157,9.0,18.0
2025-08-01,4.3,8.1,62.3,9.2,9.3,3.8,4.8999999999999995,5.000000000000001,0.0,0.09999999999999432,4.233333333333333,7.8999999999999995,8.433333333333334,8.366666666666667,62.26666666666667,0.09999999999999964,2025-08,78.0,607.1282051282051,198.0,47356.0,0.20483717948717947,0.43779999999999997,0.34615384615384615,0.6025641025641025,4.0,1278.5890410958905,27.0,54.0
2025-09-01,4.4,8.1,62.5,9.2,9.7,3.6999999999999993,4.799999999999999,5.299999999999999,0.10000000000000053,0.20000000000000284,4.333333333333333,8.033333333333333,8.766666666666667,9.166666666666666,62.333333333333336,0.3000000000000007,2025-09,69.0,377.9710144927536,148.0,26080.0,0.051521739130434785,0.0,0.42028985507246375,0.4927536231884058,4.0,1514.1166666666666,29.0,57.99999999999999
2025-10-01,4.45,8.399999999999999,62.5,8.75,8.25,3.9499999999999984,4.3,3.8,0.04999999999999982,0.0,4.383333333333333,8.200000000000001,9.049999999999999,9.083333333333334,62.43333333333334,0.35000000000000053,2025-10,73.0,936.3424657534247,113.0,68353.0,0.17110958904109588,0.2523,0.3698630136986301,0.5205479452054794,4.0,1471.125,27.0,54.0
2025-11-01,4.5,8.7,62.5,8.3,6.8,4.199999999999999,3.8000000000000007,2.3,0.04999999999999982,0.0,4.45,8.399999999999999,8.75,8.249999999999998,62.5,0.2999999999999998,2025-11,84.0,599.4404761904761,69.5,50353.0,0.1924345238095238,0.33025000000000004,0.34523809523809523,0.5833333333333334,4.0,1057.987012987013,29.0,57.99999999999999
2025-12-01,4.4,8.4,62.4,8.2,5.7,4.0,3.799999999999999,1.2999999999999998,-0.09999999999999964,-0.10000000000000142,4.45,8.499999999999998,8.416666666666666,6.916666666666667,62.46666666666667,0.3000000000000007,2025-12,88.0,457.67045454545456,56.0,40275.0,0.1917568181818182,0.585,0.36363636363636365,0.5568181818181818,4.0,1581.1038961038962,32.0,64.0
2026-01-01,4.3,8.0,62.5,7.1,5.5,3.7,2.8,1.2000000000000002,-0.10000000000000053,0.10000000000000142,4.4,8.366666666666667,7.866666666666667,6.0,62.46666666666667,0.2999999999999998,2026-01,112.0,1186.794642857143,105.5,132921.0,0.07122232142857142,0.0,0.44642857142857145,0.45535714285714285,4.0,1404.46875,50.0,100.0
